{
    "leftCameraMatrix": [
        [
            163.1305389404297,
            0.0,
            259.7959289550781
        ],
        [
            0.0,
            163.07778930664062,
            255.6099395751953
        ],
        [
            0.0,
            0.0,
            1.0
        ]
    ],
    "rightCameraMatrix": [
        [
            163.90603637695312,
            0.0,
            263.9863586425781
        ],
        [
            0.0,
            164.08094787597656,
            251.21652221679688
        ],
        [
            0.0,
            0.0,
            1.0
        ]
    ],
    "leftDistCoeffs": [
        0.00020622499869205058,
        0.06683244556188583,
        -0.05561462789773941,
        0.012115065939724445
    ],
    "rightDistCoeffs": [
        0.0032380030024796724,
        0.06558846682310104,
        -0.05812760069966316,
        0.013369062915444374
    ],
    "R1": [
        [
            1.0,
            0.0,
            0.0
        ],
        [
            0.0,
            1.0,
            0.0
        ],
        [
            0.0,
            0.0,
            1.0
        ]
    ],
    "R2": [
        [
            -0.9998030718819315,
            0.010392741897743635,
            -0.016905867954661098
        ],
        [
            -0.010326709270774585,
            -0.99993872350905,
            -0.003988521371252598
        ],
        [
            -0.016946283695561434,
            -0.003813153935907191,
            0.9998491302821497
        ]
    ],
    "baseline": 0.06491379390212199,
    "imageWidth": 512,
    "imageHeight": 512
}