{
  "cameras": [
    {
      "calibration": {
        "name": "left",
        "intrinsics": {
          "affine": {
            "fx": 286.7825289768658,
            "fy": 286.7825289768658,
            "cx": 419.87341240778375,
            "cy": 398.3950143843018,
            "skew": 0.0
          },
          "distortion": {
            "radial": {
              "k1": -0.029651726702775973,
              "k2": 0.0821963437032965,
              "k3": -0.06821661133045046,
              "k4": 0.014356199351030193
            }
          }
        },
        "extrinsics": {
          "rotation": {
            "r11": 1.0,
            "r12": 0.0,
            "r13": 0.0,
            "r21": 0.0,
            "r22": 1.0,
            "r23": 0.0,
            "r31": 0.0,
            "r32": 0.0,
            "r33": 1.0
          },
          "translation": {
            "tx": 0.0,
            "ty": 0.0,
            "tz": 0.0
          }
        }
      }
    },
    {
      "calibration": {
        "name": "right",
        "intrinsics": {
          "affine": {
            "fx": 286.21395265579105,
            "fy": 286.21395265579105,
            "cx": 424.56693397856935,
            "cy": 399.8314783021847,
            "skew": 0.0
          },
          "distortion": {
            "radial": {
              "k1": -0.029672229794144345,
              "k2": 0.0810526106666522,
              "k3": -0.0670359698380708,
              "k4": 0.013982445945012209
            }
          }
        },
        "extrinsics": {
          "rotation": {
            "r11": 0.9999987495282279,
            "r12": 0.0011380394443868066,
            "r13": 0.0010980929848585384,
            "r21": -0.0011285739966128592,
            "r22": 0.9999625340694012,
            "r23": -0.00858235272147278,
            "r31": -0.001107818899705653,
            "r32": 0.008581102710294391,
            "r33": 0.9999625680062033
          },
          "translation": {
            "tx": -0.06189742842806784,
            "ty": -0.0023655680288909957,
            "tz": 0.00012480843476275782
          }
        }
      }
    }
  ],
  "meta": {
    "calibrator": "CalibIO"
  }
}